-- Populate ProjeTatu database

-- Insert data into the "company" table, 30 rows
INSERT INTO company (name) VALUES
    ('Tech Solutions Inc.'),
    ('Creative Innovations Ltd.'),
    ('Global Services Co.'),
    ('InnovateTech Corporation'),
    ('Swift Solutions Group'),
    ('TechHive Enterprises'),
    ('Dynamic Software Solutions'),
    ('WebTech Innovations'),
    ('Innovative Designs Inc.'),
    ('eCommerce Experts Ltd.'),
    ('Data Science Solutions'),
    ('WebCrafters Inc.'),
    ('Digital Dynamics Ltd.'),
    ('Future Vision Technologies'),
    ('CodeGenius Inc.'),
    ('Infotech Solutions'),
    ('Software Wizards Ltd.'),
    ('DataMasters Inc.'),
    ('WebMasters Group'),
    ('Innovative Web Solutions'),
    ('MobileTech Innovations'),
    ('Visionary Software Solutions'),
    ('TechArt Creations Ltd.'),
    ('TechFusion Corporation'),
    ('WebSphere Technologies'),
    ('DataCrafters Inc.'),
    ('CloudTech Innovations'),
    ('eCommerce Elegance Ltd.'),
    ('CyberSolutions Inc.'),
    ('InfoTech Innovators');

-- Insert data into the "users" table, 120 rows
INSERT INTO users (name, email, password) VALUES
    ('John Doe', 'john.doe@example.com', 'password123'),
    ('Jane Smith', 'jane.smith@example.com', 'pass456word'),
    ('Michael Johnson', 'michael.j@example.com', 'securepass123'),
    ('Emily Brown', 'emily.brown@example.com', 'strongpass789'),
    ('William Davis', 'william.d@example.com', 'userpass456'),
    ('Sophia Wilson', 'sophia.w@example.com', 'pass1234'),
    ('James Anderson', 'james.a@example.com', 'mypassword'),
    ('Olivia Harris', 'olivia.h@example.com', 'securepass789'),
    ('Liam Thomas', 'liam.t@example.com', 'liampass123'),
    ('Emma Lee', 'emma.l@example.com', 'emma1234'),
    ('Noah White', 'noah.w@example.com', 'noahpass456'),
    ('Ava Martinez', 'ava.m@example.com', 'avapass789'),
    ('Logan Garcia', 'logan.g@example.com', 'loganpass123'),
    ('Isabella Rodriguez', 'isabella.r@example.com', 'isabellapass'),
    ('Mason Taylor', 'mason.t@example.com', 'mason1234'),
    ('Oliver Lewis', 'oliver.l@example.com', 'oliverpass456'),
    ('Sophia Smith', 'sophia.s@example.com', 'sophiapass789'),
    ('Ethan Johnson', 'ethan.j@example.com', 'ethan1234'),
    ('Amelia Davis', 'amelia.d@example.com', 'ameliapass456'),
    ('Liam Wilson', 'liam.w@example.com', 'liampass789'),
    ('Olivia Taylor', 'olivia.t@example.com', 'olivia1234'),
    ('Jackson Brown', 'jackson.b@example.com', 'jacksonpass456'),
    ('Ava Jones', 'ava.j@example.com', 'avapass789'),
    ('Lucas Clark', 'lucas.c@example.com', 'lucas1234'),
    ('Ava Anderson', 'ava.a@example.com', 'avapass456'),
    ('Sophia Moore', 'sophia.m@example.com', 'sophiapass789'),
    ('Liam Thomas', 'liam.t@example.com', 'liampass123'),
    ('Emma Lee', 'emma.l@example.com', 'emma1234'),
    ('Noah White', 'noah.w@example.com', 'noahpass456'),
    ('Ava Martinez', 'ava.m@example.com', 'avapass789'),
    ('Logan Garcia', 'logan.g@example.com', 'loganpass123'),
    ('Isabella Rodriguez', 'isabella.r@example.com', 'isabellapass'),
    ('Mason Taylor', 'mason.t@example.com', 'mason1234'),
    ('Oliver Lewis', 'oliver.l@example.com', 'oliverpass456'),
    ('Sophia Smith', 'sophia.s@example.com', 'sophiapass789'),
    ('Ethan Johnson', 'ethan.j@example.com', 'ethan1234'),
    ('Amelia Davis', 'amelia.d@example.com', 'ameliapass456'),
    ('Liam Wilson', 'liam.w@example.com', 'liampass789'),
    ('Olivia Taylor', 'olivia.t@example.com', 'olivia1234'),
    ('Jackson Brown', 'jackson.b@example.com', 'jacksonpass456'),
    ('Ava Jones', 'ava.j@example.com', 'avapass789'),
    ('Lucas Clark', 'lucas.c@example.com', 'lucas1234'),
    ('Ava Anderson', 'ava.a@example.com', 'avapass456'),
    ('Sophia Moore', 'sophia.m@example.com', 'sophiapass789'),
    ('Ethan Martinez', 'ethan.m@example.com', 'ethan1234'),
    ('Olivia Davis', 'olivia.d@example.com', 'oliviapass456'),
    ('Logan Harris', 'logan.h@example.com', 'loganpass789'),
    ('Ava Lewis', 'ava.l@example.com', 'ava1234'),
    ('William Garcia', 'william.g@example.com', 'williampass456'),
    ('Mia Thomas', 'mia.t@example.com', 'miapass789'),
    ('Elijah Wilson', 'elijah.w@example.com', 'elijahpass123'),
    ('Sophia Smith', 'sophia.s@example.com', 'sophiapass456'),
    ('James Davis', 'james.d@example.com', 'jamespass789'),
    ('Amelia Lee', 'amelia.l@example.com', 'amelia1234'),
    ('Ethan Moore', 'ethan.m@example.com', 'ethanpass456'),
    ('Olivia Thomas', 'olivia.t@example.com', 'oliviapass789'),
    ('Ava Harris', 'ava.h@example.com', 'avapass123'),
    ('Jackson White', 'jackson.w@example.com', 'jackson1234'),
    ('Oliver Brown', 'oliver.b@example.com', 'oliverpass456'),
    ('Mia Taylor', 'mia.t@example.com', 'miapass789'),
    ('Sophia Lewis', 'sophia.l@example.com', 'sophiapass123'),
    ('William Garcia', 'william.g@example.com', 'williampass456'),
    ('Ava Thomas', 'ava.t@example.com', 'avapass789'),
    ('Liam Harris', 'liam.h@example.com', 'liampass123'),
    ('Olivia Wilson', 'olivia.w@example.com', 'oliviapass456'),
    ('Noah Smith', 'noah.s@example.com', 'noahpass789'),
    ('Elijah Moore', 'elijah.m@example.com', 'elijah1234'),
    ('Mia Anderson', 'mia.a@example.com', 'miapass456'),
    ('Oliver Davis', 'oliver.d@example.com', 'oliverpass789'),
    ('Sophia Taylor', 'sophia.t@example.com', 'sophiapass123'),
    ('Ethan Lewis', 'ethan.l@example.com', 'ethanpass456'),
    ('William Harris', 'william.h@example.com', 'williampass789'),
    ('Ava White', 'ava.w@example.com', 'avapass123'),
    ('Logan Smith', 'logan.s@example.com', 'logan1234'),
    ('Amelia Wilson', 'amelia.w@example.com', 'ameliapass456'),
    ('Olivia Moore', 'olivia.m@example.com', 'oliviapass789'),
    ('Jackson Davis', 'jackson.d@example.com', 'jacksonpass123'),
    ('Sophia Anderson', 'sophia.a@example.com', 'sophiapass456'),
    ('Liam Thomas', 'liam.t@example.com', 'liampass789'),
    ('William Garcia', 'william.g@example.com', 'williampass123'),
    ('Emma Brown', 'emma.b@example.com', 'emma1234'),
    ('Oliver Clark', 'oliver.c@example.com', 'oliverpass456'),
    ('Sophia Taylor', 'sophia.t@example.com', 'sophiapass789'),
    ('Ethan Lewis', 'ethan.l@example.com', 'ethan1234'),
    ('Mia Harris', 'mia.h@example.com', 'miapass456'),
    ('Olivia Anderson', 'olivia.a@example.com', 'oliviapass789'),
    ('Ava Smith', 'ava.s@example.com', 'avapass123'),
    ('Jackson Davis', 'jackson.d@example.com', 'jackson1234'),
    ('Liam Wilson', 'liam.w@example.com', 'liampass456'),
    ('Sophia Moore', 'sophia.m@example.com', 'sophiapass789'),
    ('Ethan Martinez', 'ethan.m@example.com', 'ethan1234'),
    ('Olivia Davis', 'olivia.d@example.com', 'oliviapass456'),
    ('Logan Harris', 'logan.h@example.com', 'loganpass789'),
    ('Ava Lewis', 'ava.l@example.com', 'ava1234'),
    ('William Garcia', 'william.g@example.com', 'williampass456'),
    ('Mia Thomas', 'mia.t@example.com', 'miapass789'),
    ('Elijah Wilson', 'elijah.w@example.com', 'elijahpass123'),
    ('Sophia Smith', 'sophia.s@example.com', 'sophiapass456'),
    ('James Davis', 'james.d@example.com', 'jamespass789'),
    ('Amelia Lee', 'amelia.l@example.com', 'amelia1234'),
    ('Ethan Moore', 'ethan.m@example.com', 'ethanpass456'),
    ('Olivia Thomas', 'olivia.t@example.com', 'oliviapass789'),
    ('Ava Harris', 'ava.h@example.com', 'avapass123'),
    ('Jackson White', 'jackson.w@example.com', 'jackson1234'),
    ('Oliver Brown', 'oliver.b@example.com', 'oliverpass456'),
    ('Mia Taylor', 'mia.t@example.com', 'miapass789'),
    ('Sophia Lewis', 'sophia.l@example.com', 'sophiapass123'),
    ('William Garcia', 'william.g@example.com', 'williampass456'),
    ('Ava Thomas', 'ava.t@example.com', 'avapass789'),
    ('Liam Harris', 'liam.h@example.com', 'liampass123'),
    ('Olivia Wilson', 'olivia.w@example.com', 'oliviapass456'),
    ('Noah Smith', 'noah.s@example.com', 'noahpass789'),
    ('Elijah Moore', 'elijah.m@example.com', 'elijah1234'),
    ('Mia Anderson', 'mia.a@example.com', 'miapass456'),
    ('Oliver Davis', 'oliver.d@example.com', 'oliverpass789'),
    ('Sophia Taylor', 'sophia.t@example.com', 'sophiapass123'),
    ('Ethan Lewis', 'ethan.l@example.com', 'ethanpass456'),
    ('William Harris', 'william.h@example.com', 'williampass789'),
    ('Ava White', 'ava.w@example.com', 'avapass123'),
    ('Logan Smith', 'logan.s@example.com', 'logan1234'),
    ('Amelia Wilson', 'amelia.w@example.com', 'ameliapass456'),
    ('Olivia Moore', 'olivia.m@example.com', 'oliviapass789');

-- Insert data into the "project" table, 30 rows
INSERT INTO project (company_id, name, details, delivery) VALUES
    (1, 'Project Audit', 'Conduct a comprehensive audit of the company finances.', NOW() + INTERVAL '90 days'),
    (2, 'Website Redesign', 'Redesign the company website for a more modern look.', NOW() + INTERVAL '60 days'),
    (3, 'Product Launch', 'Plan and execute the launch of a new product in the market.', NOW() + INTERVAL '120 days'),
    (4, 'Marketing Campaign', 'Create and launch a new marketing campaign to boost sales.', NOW() + INTERVAL '75 days'),
    (5, 'Inventory Management System', 'Develop an inventory management system for the warehouse.', NOW() + INTERVAL '100 days'),
    (6, 'Customer Support Portal', 'Build a customer support portal for better customer service.', NOW() + INTERVAL '90 days'),
    (7, 'New Mobile App', 'Develop a new mobile application for iOS and Android.', NOW() + INTERVAL '150 days'),
    (8, 'Financial Analysis', 'Analyze financial data and provide insights for decision-making.', NOW() + INTERVAL '60 days'),
    (9, 'Supply Chain Optimization', 'Optimize the supply chain for cost reduction and efficiency.', NOW() + INTERVAL '120 days'),
    (10, 'Social Media Strategy', 'Create and implement a new social media strategy for engagement.', NOW() + INTERVAL '45 days'),
    (11, 'Content Marketing', 'Develop and publish content for content marketing campaigns.', NOW() + INTERVAL '90 days'),
    (12, 'Quality Assurance Testing', 'Conduct comprehensive QA testing on the product.', NOW() + INTERVAL '75 days'),
    (13, 'Employee Training Program', 'Design a training program for employee development.', NOW() + INTERVAL '60 days'),
    (14, 'Market Research', 'Conduct market research to identify growth opportunities.', NOW() + INTERVAL '120 days'),
    (15, 'IT Infrastructure Upgrade', 'Upgrade and enhance the company IT infrastructure.', NOW() + INTERVAL '100 days'),
    (16, 'New Product Design', 'Design a new product based on market demand and trends.', NOW() + INTERVAL '150 days'),
    (17, 'Sales Strategy', 'Develop and implement a new sales strategy for the sales team.', NOW() + INTERVAL '90 days'),
    (18, 'Customer Feedback Survey', 'Create and analyze customer feedback surveys for insights.', NOW() + INTERVAL '75 days'),
    (19, 'Environmental Sustainability Initiative', 'Initiate sustainability programs and reduce environmental impact.', NOW() + INTERVAL '120 days'),
    (20, 'Human Resources Management System', 'Implement an HR management system for better HR operations.', NOW() + INTERVAL '60 days'),
    (21, 'Product Testing and Validation', 'Conduct product testing and validation for quality assurance.', NOW() + INTERVAL '100 days'),
    (22, 'Public Relations Campaign', 'Launch a PR campaign to improve brand reputation.', NOW() + INTERVAL '45 days'),
    (23, 'Customer Loyalty Program', 'Develop a customer loyalty program to retain customers.', NOW() + INTERVAL '90 days'),
    (24, 'Market Expansion Strategy', 'Plan and execute a strategy for expanding into new markets.', NOW() + INTERVAL '75 days'),
    (25, 'Security Enhancement', 'Enhance security measures to protect company data and assets.', NOW() + INTERVAL '60 days'),
    (26, 'Corporate Social Responsibility', 'Initiate CSR programs for social and community impact.', NOW() + INTERVAL '150 days'),
    (27, 'Financial Forecasting', 'Create financial forecasts for better financial planning.', NOW() + INTERVAL '90 days'),
    (28, 'Product Packaging Redesign', 'Redesign product packaging for improved market appeal.', NOW() + INTERVAL '100 days'),
    (29, 'Digital Marketing Campaign', 'Launch a digital marketing campaign to increase online presence.', NOW() + INTERVAL '120 days'),
    (30, 'Innovation and Research', 'Invest in research and innovation for product improvement.', NOW() + INTERVAL '45 days');

-- Insert data into the "task" table, 100 rows
INSERT INTO task (project_id, creator, name, details, status, delivery) VALUES
    (1, 1, 'Financial Report Analysis', 'Analyze the companys financial reports and prepare an audit.', 'Ongoing', NOW() + INTERVAL '30 days'),
    (1, 2, 'Revenue Data Review', 'Review and validate revenue data for the audit.', 'Ongoing', NOW() + INTERVAL '45 days'),
    (2, 3, 'Website Redesign Mockups', 'Create mockups for the redesigned website.', 'Ongoing', NOW() + INTERVAL '60 days'),
    (2, 4, 'Content Update Planning', 'Plan the content updates for the new website.', 'Ongoing', NOW() + INTERVAL '75 days'),
    (3, 5, 'Product Launch Strategy', 'Develop a strategy for the product launch.', 'Ongoing', NOW() + INTERVAL '90 days'),
    (3, 6, 'Marketing Materials Creation', 'Create marketing materials for the new product.', 'Ongoing', NOW() + INTERVAL '100 days'),
    (4, 7, 'Market Analysis', 'Analyze the market for the upcoming marketing campaign.', 'Ongoing', NOW() + INTERVAL '60 days'),
    (4, 8, 'Campaign Content Creation', 'Create content for the marketing campaign.', 'Ongoing', NOW() + INTERVAL '75 days'),
    (5, 9, 'Inventory System Development', 'Develop the inventory management system.', 'Ongoing', NOW() + INTERVAL '120 days'),
    (5, 10, 'System Testing', 'Test the inventory management system for accuracy and functionality.', 'Ongoing', NOW() + INTERVAL '100 days'),
    (6, 11, 'Customer Support Portal Design', 'Design the user interface for the customer support portal.', 'Ongoing', NOW() + INTERVAL '90 days'),
    (6, 12, 'Development and Testing', 'Develop and test the customer support portal.', 'Ongoing', NOW() + INTERVAL '120 days'),
    (7, 13, 'Mobile App Wireframing', 'Create wireframes for the new mobile application.', 'Ongoing', NOW() + INTERVAL '60 days'),
    (7, 14, 'App Development', 'Develop the mobile application for iOS and Android.', 'Ongoing', NOW() + INTERVAL '150 days'),
    (8, 15, 'Financial Data Collection', 'Collect financial data for analysis.', 'Ongoing', NOW() + INTERVAL '45 days'),
    (8, 16, 'Data Analysis', 'Analyze the financial data for insights.', 'Ongoing', NOW() + INTERVAL '75 days'),
    (9, 17, 'Supply Chain Evaluation', 'Evaluate the current supply chain process.', 'Ongoing', NOW() + INTERVAL '90 days'),
    (9, 18, 'Optimization Recommendations', 'Provide recommendations for supply chain optimization.', 'Ongoing', NOW() + INTERVAL '60 days'),
    (10, 19, 'Social Media Audit', 'Conduct an audit of the companys social media presence.', 'Ongoing', NOW() + INTERVAL '100 days'),
    (10, 20, 'Strategy Development', 'Develop a new social media engagement strategy.', 'Ongoing', NOW() + INTERVAL '45 days'),
    (11, 21, 'Content Creation Plan', 'Plan content creation for upcoming marketing campaigns.', 'Ongoing', NOW() + INTERVAL '90 days'),
    (11, 22, 'Content Production', 'Produce content for marketing purposes.', 'Ongoing', NOW() + INTERVAL '75 days'),
    (12, 23, 'QA Testing', 'Conduct quality assurance testing on the product.', 'Ongoing', NOW() + INTERVAL '60 days'),
    (12, 24, 'Bug Fixes and Improvements', 'Address bugs and make necessary improvements.', 'Ongoing', NOW() + INTERVAL '100 days'),
    (13, 25, 'Employee Training Material Design', 'Design training materials for employee development.', 'Ongoing', NOW() + INTERVAL '120 days'),
    (13, 26, 'Training Sessions Conduct', 'Conduct training sessions for employees.', 'Ongoing', NOW() + INTERVAL '45 days'),
    (14, 27, 'Market Research Survey', 'Design and conduct a survey for market research.', 'Ongoing', NOW() + INTERVAL '60 days'),
    (14, 28, 'Data Analysis and Insights', 'Analyze survey data and provide market insights.', 'Ongoing', NOW() + INTERVAL '75 days'),
    (15, 29, 'IT Infrastructure Assessment', 'Assess the current IT infrastructure for upgrades.', 'Ongoing', NOW() + INTERVAL '90 days'),
    (15, 30, 'Infrastructure Upgrade', 'Upgrade IT infrastructure for better performance.', 'Ongoing', NOW() + INTERVAL '60 days'),
    (16, 31, 'Product Redesign Planning', 'Plan the redesign of the companys flagship product.', 'Ongoing', NOW() + INTERVAL '120 days'),
    (16, 32, 'Design and Prototyping', 'Design product prototypes for the redesign.', 'Ongoing', NOW() + INTERVAL '100 days'),
    (17, 33, 'Sales Strategy Development', 'Develop a new sales strategy for the sales team.', 'Ongoing', NOW() + INTERVAL '90 days'),
    (17, 34, 'Implementation and Training', 'Implement the strategy and train the sales team.', 'Ongoing', NOW() + INTERVAL '150 days'),
    (18, 35, 'Customer Feedback Survey Design', 'Design a customer feedback survey for customers.', 'Ongoing', NOW() + INTERVAL '60 days'),
    (18, 36, 'Survey Analysis and Recommendations', 'Analyze survey results and provide recommendations.', 'Ongoing', NOW() + INTERVAL '45 days'),
    (19, 37, 'Sustainability Programs Planning', 'Plan environmental sustainability programs.', 'Ongoing', NOW() + INTERVAL '75 days'),
    (19, 38, 'Implementation and Monitoring', 'Implement sustainability programs and monitor progress.', 'Ongoing', NOW() + INTERVAL '90 days'),
    (20, 39, 'HR Management System Design', 'Design a new HR management system for the company.', 'Ongoing', NOW() + INTERVAL '100 days'),
    (20, 40, 'Development and Testing', 'Develop and test the HR management system.', 'Ongoing', NOW() + INTERVAL '60 days'),
    (21, 41, 'Product Testing Plan', 'Plan the comprehensive testing of the product.', 'Ongoing', NOW() + INTERVAL '120 days'),
    (21, 42, 'Testing and Validation', 'Conduct product testing and validation procedures.', 'Ongoing', NOW() + INTERVAL '90 days'),
    (22, 43, 'Public Relations Strategy', 'Develop a PR strategy for improving brand reputation.', 'Ongoing', NOW() + INTERVAL '75 days'),
    (22, 44, 'PR Campaign Execution', 'Execute the PR campaign for brand improvement.', 'Ongoing', NOW() + INTERVAL '60 days'),
    (23, 45, 'Customer Loyalty Program Design', 'Design a customer loyalty program for customer retention.', 'Ongoing', NOW() + INTERVAL '100 days'),
    (23, 46, 'Program Launch and Monitoring', 'Launch the customer loyalty program and monitor its performance.', 'Ongoing', NOW() + INTERVAL '45 days'),
    (24, 47, 'Market Expansion Planning', 'Plan the strategy for expanding into new markets.', 'Ongoing', NOW() + INTERVAL '120 days'),
    (24, 48, 'Execution and Market Entry', 'Execute the market expansion strategy and enter new markets.', 'Ongoing', NOW() + INTERVAL '90 days'),
    (25, 49, 'Security Assessment', 'Assess the companys security measures and identify vulnerabilities.', 'Ongoing', NOW() + INTERVAL '60 days'),
    (25, 50, 'Security Enhancement Plan', 'Develop a plan to enhance the companys security measures.', 'Ongoing', NOW() + INTERVAL '75 days'),
    (26, 51, 'CSR Program Development', 'Develop corporate social responsibility programs for community impact.', 'Ongoing', NOW() + INTERVAL '100 days'),
    (26, 52, 'CSR Initiatives Implementation', 'Implement CSR initiatives for social and environmental impact.', 'Ongoing', NOW() + INTERVAL '45 days'),
    (27, 53, 'Financial Forecasting Modeling', 'Create financial models for accurate forecasting.', 'Ongoing', NOW() + INTERVAL '60 days'),
    (27, 54, 'Forecasting Data Analysis', 'Analyze financial data and provide forecasts.', 'Ongoing', NOW() + INTERVAL '75 days'),
    (28, 55, 'Product Packaging Redesign Concept', 'Design new concepts for product packaging.', 'Ongoing', NOW() + INTERVAL '90 days'),
    (28, 56, 'Prototyping and Testing', 'Create prototypes and test new product packaging designs.', 'Ongoing', NOW() + INTERVAL '60 days'),
    (29, 57, 'Digital Marketing Campaign Planning', 'Plan a digital marketing campaign for online presence.', 'Ongoing', NOW() + INTERVAL '120 days'),
    (29, 58, 'Campaign Execution and Monitoring', 'Execute the digital marketing campaign and monitor results.', 'Ongoing', NOW() + INTERVAL '75 days'),
    (30, 59, 'Innovation and Research Strategy', 'Develop a strategy for research and innovation.', 'Ongoing', NOW() + INTERVAL '100 days'),
    (30, 60, 'Research and Development', 'Conduct research and development activities for innovation.', 'Ongoing', NOW() + INTERVAL '45 days');

-- Insert data into the "comment" table
INSERT INTO comment (task_id, content) VALUES
    (1, 'This is a comment on Task 1 for Project A'),
    (2, 'This is another comment on Task 2 for Project A'),
    -- Add more comments here

-- Insert data into the "project_member" table
INSERT INTO project_member (users_id, project_id, is_favorite) VALUES
    (1, 1, true),
    (2, 1, false),
    -- Add more project member data here

-- Insert data into the "admins" table
INSERT INTO admins (name, password) VALUES
    ('Admin 1', 'adminpass1'),
    ('Admin 2', 'adminpass2'),
    -- Add more admin data here

-- Insert data into the "task_assigned" table
INSERT INTO task_assigned (users_id, task_id) VALUES
    (1, 1),
    (2, 2),
    -- Add more task assignment data here

-- Insert data into the "project_coordinator" table
INSERT INTO project_coordinator (users_id, project_id) VALUES
    (1, 1),
    (2, 2),
    -- Add more project coordinator data here

-- Insert data into the "invitation" table
INSERT INTO invitation (project_id, users_id, project_coordinator_id) VALUES
    (1, 2, 1),
    (2, 1, 2),
    -- Add more invitation data here
